bloque_tiempo,hora_post_evento,zona_origen,zona_destino,tipo_destino,nuevos_desplazados_media,ic95_inferior,ic95_superior
1,6,Z1,Z1,refugio_oficial,3250.0,3172.5,3329.1874999999995
1,6,Z1,Z2,otra_zona,552.5,516.6666666666666,588.3333333333334
1,6,Z1,Z3,otra_zona,580.8333333333334,544.1458333333333,624.1666666666666
1,6,Z1,Z4,otra_zona,572.5,519.9791666666666,630.0208333333333
1,6,Z1,Z5,otra_zona,580.0,540.0,621.6666666666666
1,6,Z2,Z1,otra_zona,1115.8333333333333,1067.5,1169.1666666666667
1,6,Z2,Z2,refugio_oficial,3050.8333333333335,2955.0,3150.0
1,6,Z2,Z3,otra_zona,1090.8333333333333,1027.5,1150.0
1,6,Z2,Z4,otra_zona,995.0,923.3125,1059.2083333333333
1,6,Z2,Z5,otra_zona,1036.6666666666667,979.1666666666666,1097.5
1,6,Z3,Z1,otra_zona,409.1666666666667,382.5,434.1666666666667
1,6,Z3,Z2,otra_zona,416.6666666666667,381.64583333333337,451.6666666666667
1,6,Z3,Z3,refugio_oficial,3627.5,3516.645833333333,3735.8333333333335
1,6,Z3,Z4,otra_zona,420.0,384.1666666666667,457.5
1,6,Z3,Z5,otra_zona,395.0,356.64583333333337,431.6666666666667
1,6,Z4,Z1,otra_zona,1245.0,1183.3333333333333,1308.3333333333333
1,6,Z4,Z2,otra_zona,1236.6666666666667,1186.6458333333335,1285.8333333333333
1,6,Z4,Z3,otra_zona,1313.3333333333333,1244.1458333333335,1385.0
1,6,Z4,Z4,refugio_oficial,2600.0,2503.3333333333335,2690.0
1,6,Z4,Z5,otra_zona,1209.1666666666667,1161.6666666666667,1257.5
1,6,Z5,Z1,otra_zona,248.33333333333334,225.83333333333334,270.8333333333333
1,6,Z5,Z2,otra_zona,236.66666666666666,212.5,260.0
1,6,Z5,Z3,otra_zona,231.66666666666666,205.83333333333334,259.1666666666667
1,6,Z5,Z4,otra_zona,256.6666666666667,225.83333333333334,290.8333333333333
1,6,Z5,Z5,refugio_oficial,3613.3333333333335,3509.9791666666665,3720.8333333333335
2,12,Z1,Z1,refugio_oficial,7027.5,6908.333333333333,7139.1875
2,12,Z1,Z2,otra_zona,1240.0,1188.3333333333333,1292.5208333333333
2,12,Z1,Z3,otra_zona,1231.6666666666667,1171.6666666666667,1288.3333333333333
2,12,Z1,Z4,otra_zona,1269.1666666666667,1202.4791666666667,1336.6875
2,12,Z1,Z5,otra_zona,1258.3333333333333,1205.8333333333333,1308.3333333333333
2,12,Z2,Z1,otra_zona,2596.6666666666665,2499.9791666666665,2680.0
2,12,Z2,Z2,refugio_oficial,7296.666666666667,7141.645833333334,7456.666666666667
2,12,Z2,Z3,otra_zona,2552.5,2468.3333333333335,2630.0
2,12,Z2,Z4,otra_zona,2570.8333333333335,2485.0,2657.5
2,12,Z2,Z5,otra_zona,2495.8333333333335,2402.5,2587.5
2,12,Z3,Z1,otra_zona,856.6666666666666,797.5,916.6874999999999
2,12,Z3,Z2,otra_zona,792.5,737.4791666666666,844.1874999999999
2,12,Z3,Z3,refugio_oficial,7202.5,7045.833333333333,7357.520833333333
2,12,Z3,Z4,otra_zona,788.3333333333334,749.9791666666666,825.8333333333334
2,12,Z3,Z5,otra_zona,835.0,775.8333333333334,895.8333333333334
2,12,Z4,Z1,otra_zona,3095.0,2998.291666666667,3195.8333333333335
2,12,Z4,Z2,otra_zona,3185.8333333333335,3098.3333333333335,3283.3541666666665
2,12,Z4,Z3,otra_zona,3126.6666666666665,3024.145833333333,3223.3333333333335
2,12,Z4,Z4,refugio_oficial,6727.5,6620.770833333333,6838.354166666666
2,12,Z4,Z5,otra_zona,3068.3333333333335,2979.1666666666665,3156.6666666666665
2,12,Z5,Z1,otra_zona,469.1666666666667,437.5,503.3333333333333
2,12,Z5,Z2,otra_zona,445.8333333333333,416.6666666666667,475.0
2,12,Z5,Z3,otra_zona,465.8333333333333,427.5,502.5
2,12,Z5,Z4,otra_zona,499.1666666666667,457.5,540.0
2,12,Z5,Z5,refugio_oficial,6625.0,6487.5,6766.6875
3,18,Z1,Z1,refugio_oficial,5054.166666666667,4916.645833333334,5194.1875
3,18,Z1,Z2,otra_zona,975.0,920.0,1028.3333333333333
3,18,Z1,Z3,otra_zona,950.8333333333334,893.3125,1007.5
3,18,Z1,Z4,otra_zona,879.1666666666666,834.1666666666666,925.0208333333333
3,18,Z1,Z5,otra_zona,886.6666666666666,845.0,925.0208333333333
3,18,Z2,Z1,otra_zona,1769.1666666666667,1704.1666666666667,1833.3333333333333
3,18,Z2,Z2,refugio_oficial,5139.166666666667,5013.333333333333,5265.041666666666
3,18,Z2,Z3,otra_zona,1715.8333333333333,1640.8333333333333,1793.3333333333333
3,18,Z2,Z4,otra_zona,1766.6666666666667,1671.6666666666667,1865.0
3,18,Z2,Z5,otra_zona,1793.3333333333333,1722.4791666666667,1865.8333333333333
3,18,Z3,Z1,otra_zona,630.8333333333334,580.0,680.0
3,18,Z3,Z2,otra_zona,589.1666666666666,541.6666666666666,633.3541666666666
3,18,Z3,Z3,refugio_oficial,5487.5,5366.645833333334,5611.708333333333
3,18,Z3,Z4,otra_zona,641.6666666666666,598.3333333333334,686.6874999999999
3,18,Z3,Z5,otra_zona,619.1666666666666,579.9791666666666,656.6666666666666
3,18,Z4,Z1,otra_zona,2066.6666666666665,1970.8125,2164.1666666666665
3,18,Z4,Z2,otra_zona,2133.3333333333335,2056.6666666666665,2210.8333333333335
3,18,Z4,Z3,otra_zona,2220.0,2146.6666666666665,2298.3333333333335
3,18,Z4,Z4,refugio_oficial,4567.5,4448.333333333333,4685.958333333332
3,18,Z4,Z5,otra_zona,2078.3333333333335,2005.8333333333333,2150.0
3,18,Z5,Z1,otra_zona,352.5,322.5,384.1666666666667
3,18,Z5,Z2,otra_zona,337.5,313.3333333333333,361.6666666666667
3,18,Z5,Z3,otra_zona,381.6666666666667,341.6666666666667,419.1666666666667
3,18,Z5,Z4,otra_zona,345.8333333333333,316.6666666666667,376.6666666666667
3,18,Z5,Z5,refugio_oficial,4915.833333333333,4819.166666666667,5015.833333333333
4,24,Z1,Z1,refugio_oficial,2334.1666666666665,2264.9791666666665,2413.3333333333335
4,24,Z1,Z2,otra_zona,420.8333333333333,378.3333333333333,460.8333333333333
4,24,Z1,Z3,otra_zona,458.3333333333333,420.0,495.8541666666665
4,24,Z1,Z4,otra_zona,397.5,360.8333333333333,434.1666666666667
4,24,Z1,Z5,otra_zona,415.0,366.6666666666667,462.5
4,24,Z2,Z1,otra_zona,465.8333333333333,432.4791666666667,498.3333333333333
4,24,Z2,Z2,refugio_oficial,1289.1666666666667,1237.4791666666667,1344.1666666666667
4,24,Z2,Z3,otra_zona,465.8333333333333,428.3333333333333,505.8333333333333
4,24,Z2,Z4,otra_zona,447.5,407.5,487.5
4,24,Z2,Z5,otra_zona,464.1666666666667,435.0,497.5
4,24,Z3,Z1,otra_zona,320.8333333333333,293.3333333333333,351.6666666666667
4,24,Z3,Z2,otra_zona,320.0,292.5,349.1666666666667
4,24,Z3,Z3,refugio_oficial,2837.5,2752.5,2919.208333333333
4,24,Z3,Z4,otra_zona,336.6666666666667,310.8333333333333,361.6666666666667
4,24,Z3,Z5,otra_zona,296.6666666666667,265.8333333333333,327.5
4,24,Z4,Z1,otra_zona,418.3333333333333,375.8333333333333,460.0208333333332
4,24,Z4,Z2,otra_zona,417.5,384.14583333333337,450.8541666666665
4,24,Z4,Z3,otra_zona,429.1666666666667,394.1666666666667,468.3333333333333
4,24,Z4,Z4,refugio_oficial,910.0,864.1666666666666,961.6666666666666
4,24,Z4,Z5,otra_zona,416.6666666666667,380.8125,459.1666666666667
4,24,Z5,Z1,otra_zona,231.66666666666666,206.66666666666666,257.5
4,24,Z5,Z2,otra_zona,213.33333333333334,195.0,232.5
4,24,Z5,Z3,otra_zona,219.16666666666666,190.0,249.1874999999999
4,24,Z5,Z4,otra_zona,203.33333333333334,175.83333333333334,230.83333333333334
4,24,Z5,Z5,refugio_oficial,3126.6666666666665,3031.6666666666665,3217.520833333333
5,30,Z1,Z1,refugio_oficial,1638.3333333333333,1564.1666666666667,1712.5
5,30,Z1,Z2,otra_zona,300.8333333333333,268.3333333333333,333.3541666666665
5,30,Z1,Z3,otra_zona,292.5,260.0,324.1666666666667
5,30,Z1,Z4,otra_zona,280.0,250.8125,310.0
5,30,Z1,Z5,otra_zona,309.1666666666667,275.0,345.0
5,30,Z2,Z1,otra_zona,277.5,248.3125,309.1666666666667
5,30,Z2,Z2,refugio_oficial,779.1666666666666,730.8333333333334,830.0
5,30,Z2,Z3,otra_zona,267.5,240.0,298.3333333333333
5,30,Z2,Z4,otra_zona,286.6666666666667,258.3333333333333,315.8333333333333
5,30,Z2,Z5,otra_zona,304.1666666666667,275.0,331.6666666666667
5,30,Z3,Z1,otra_zona,221.66666666666666,199.14583333333331,245.83333333333334
5,30,Z3,Z2,otra_zona,249.16666666666666,220.0,280.8333333333333
5,30,Z3,Z3,refugio_oficial,2160.0,2091.6666666666665,2233.3333333333335
5,30,Z3,Z4,otra_zona,255.0,226.64583333333331,286.6666666666667
5,30,Z3,Z5,otra_zona,251.66666666666666,220.83333333333334,280.8541666666665
5,30,Z4,Z1,otra_zona,235.0,211.66666666666666,259.1666666666667
5,30,Z4,Z2,otra_zona,254.16666666666666,229.16666666666666,280.8333333333333
5,30,Z4,Z3,otra_zona,274.1666666666667,254.16666666666666,295.0
5,30,Z4,Z4,refugio_oficial,522.5,487.5,554.1874999999999
5,30,Z4,Z5,otra_zona,260.0,227.5,294.1666666666667
5,30,Z5,Z1,otra_zona,187.5,161.64583333333331,213.33333333333334
5,30,Z5,Z2,otra_zona,155.0,135.0,176.66666666666666
5,30,Z5,Z3,otra_zona,170.83333333333334,149.16666666666666,195.83333333333334
5,30,Z5,Z4,otra_zona,192.5,165.8125,220.85416666666657
5,30,Z5,Z5,refugio_oficial,2588.3333333333335,2490.8125,2681.6666666666665
6,36,Z1,Z1,refugio_oficial,1493.3333333333333,1436.6666666666667,1549.1666666666667
6,36,Z1,Z2,otra_zona,279.1666666666667,250.83333333333334,307.5
6,36,Z1,Z3,otra_zona,268.3333333333333,240.0,298.3333333333333
6,36,Z1,Z4,otra_zona,260.8333333333333,239.16666666666666,283.3333333333333
6,36,Z1,Z5,otra_zona,278.3333333333333,247.47916666666666,308.3333333333333
6,36,Z2,Z1,otra_zona,247.5,220.0,275.0
6,36,Z2,Z2,refugio_oficial,689.1666666666666,646.6666666666666,733.3333333333334
6,36,Z2,Z3,otra_zona,215.0,192.47916666666666,240.0
6,36,Z2,Z4,otra_zona,225.0,196.66666666666666,253.33333333333334
6,36,Z2,Z5,otra_zona,250.83333333333334,225.0,277.5
6,36,Z3,Z1,otra_zona,211.66666666666666,183.33333333333334,239.16666666666666
6,36,Z3,Z2,otra_zona,223.33333333333334,194.16666666666666,254.16666666666666
6,36,Z3,Z3,refugio_oficial,2006.6666666666667,1911.6458333333335,2103.3333333333335
6,36,Z3,Z4,otra_zona,207.5,182.5,234.16666666666666
6,36,Z3,Z5,otra_zona,226.66666666666666,200.0,254.16666666666666
6,36,Z4,Z1,otra_zona,218.33333333333334,190.0,246.66666666666666
6,36,Z4,Z2,otra_zona,245.0,223.33333333333334,269.1666666666667
6,36,Z4,Z3,otra_zona,205.0,176.66666666666666,233.33333333333334
6,36,Z4,Z4,refugio_oficial,446.6666666666667,415.0,479.1666666666667
6,36,Z4,Z5,otra_zona,175.83333333333334,157.5,196.66666666666666
6,36,Z5,Z1,otra_zona,172.5,148.3125,199.16666666666666
6,36,Z5,Z2,otra_zona,147.5,125.83333333333333,171.66666666666666
6,36,Z5,Z3,otra_zona,149.16666666666666,127.47916666666667,170.83333333333334
6,36,Z5,Z4,otra_zona,183.33333333333334,156.66666666666666,208.33333333333334
6,36,Z5,Z5,refugio_oficial,2390.0,2322.5,2458.3333333333335
7,42,Z1,Z1,refugio_oficial,1334.1666666666667,1264.1666666666667,1405.0
7,42,Z1,Z2,otra_zona,234.16666666666666,205.83333333333334,260.8333333333333
7,42,Z1,Z3,otra_zona,226.66666666666666,205.0,249.16666666666666
7,42,Z1,Z4,otra_zona,250.83333333333334,225.0,277.5
7,42,Z1,Z5,otra_zona,249.16666666666666,225.83333333333334,275.0
7,42,Z2,Z1,otra_zona,198.33333333333334,174.16666666666666,225.0
7,42,Z2,Z2,refugio_oficial,569.1666666666666,527.5,610.8333333333334
7,42,Z2,Z3,otra_zona,190.0,166.66666666666666,212.52083333333323
7,42,Z2,Z4,otra_zona,201.66666666666666,177.5,225.85416666666657
7,42,Z2,Z5,otra_zona,192.5,165.0,219.16666666666666
7,42,Z3,Z1,otra_zona,201.66666666666666,171.66666666666666,232.5
7,42,Z3,Z2,otra_zona,200.0,169.16666666666666,232.5
7,42,Z3,Z3,refugio_oficial,1876.6666666666667,1791.6666666666667,1959.1666666666667
7,42,Z3,Z4,otra_zona,191.66666666666666,165.0,218.35416666666657
7,42,Z3,Z5,otra_zona,177.5,150.83333333333334,205.83333333333334
7,42,Z4,Z1,otra_zona,184.16666666666666,155.83333333333334,215.83333333333334
7,42,Z4,Z2,otra_zona,193.33333333333334,161.66666666666666,221.66666666666666
7,42,Z4,Z3,otra_zona,165.0,145.83333333333334,185.83333333333334
7,42,Z4,Z4,refugio_oficial,397.5,366.6666666666667,424.1666666666667
7,42,Z4,Z5,otra_zona,195.0,170.83333333333334,221.66666666666666
7,42,Z5,Z1,otra_zona,168.33333333333334,141.66666666666666,197.5
7,42,Z5,Z2,otra_zona,171.66666666666666,145.83333333333334,197.5
7,42,Z5,Z3,otra_zona,166.66666666666666,147.5,186.66666666666666
7,42,Z5,Z4,otra_zona,151.66666666666666,129.97916666666666,172.5
7,42,Z5,Z5,refugio_oficial,2215.0,2131.6666666666665,2295.0
8,48,Z1,Z1,refugio_oficial,1230.8333333333333,1175.8333333333333,1285.0
8,48,Z1,Z2,otra_zona,213.33333333333334,182.5,245.83333333333334
8,48,Z1,Z3,otra_zona,230.0,201.66666666666666,257.5
8,48,Z1,Z4,otra_zona,225.83333333333334,199.97916666666666,252.52083333333323
8,48,Z1,Z5,otra_zona,234.16666666666666,205.83333333333334,261.6666666666667
8,48,Z2,Z1,otra_zona,168.33333333333334,145.83333333333334,191.66666666666666
8,48,Z2,Z2,refugio_oficial,444.1666666666667,404.1666666666667,483.3333333333333
8,48,Z2,Z3,otra_zona,170.83333333333334,154.16666666666666,188.33333333333334
8,48,Z2,Z4,otra_zona,163.33333333333334,139.16666666666666,185.83333333333334
8,48,Z2,Z5,otra_zona,171.66666666666666,148.33333333333334,194.16666666666666
8,48,Z3,Z1,otra_zona,172.5,151.66666666666666,195.83333333333334
8,48,Z3,Z2,otra_zona,198.33333333333334,176.66666666666666,221.66666666666666
8,48,Z3,Z3,refugio_oficial,1625.8333333333333,1555.0,1698.3333333333333
8,48,Z3,Z4,otra_zona,187.5,164.16666666666666,209.16666666666666
8,48,Z3,Z5,otra_zona,200.83333333333334,173.33333333333334,230.83333333333334
8,48,Z4,Z1,otra_zona,174.16666666666666,152.5,196.66666666666666
8,48,Z4,Z2,otra_zona,143.33333333333334,119.97916666666667,169.16666666666666
8,48,Z4,Z3,otra_zona,147.5,129.16666666666666,165.83333333333334
8,48,Z4,Z4,refugio_oficial,306.6666666666667,269.1666666666667,345.8333333333333
8,48,Z4,Z5,otra_zona,137.5,122.5,153.33333333333334
8,48,Z5,Z1,otra_zona,131.66666666666666,113.33333333333333,150.0
8,48,Z5,Z2,otra_zona,162.5,139.97916666666666,186.66666666666666
8,48,Z5,Z3,otra_zona,140.83333333333334,120.0,162.5
8,48,Z5,Z4,otra_zona,149.16666666666666,128.33333333333334,167.5
8,48,Z5,Z5,refugio_oficial,2108.3333333333335,2028.3333333333333,2190.8333333333335
9,54,Z1,Z1,refugio_oficial,1047.5,990.8333333333334,1105.8333333333333
9,54,Z1,Z2,otra_zona,195.83333333333334,172.5,220.0
9,54,Z1,Z3,otra_zona,184.16666666666666,163.33333333333334,206.66666666666666
9,54,Z1,Z4,otra_zona,184.16666666666666,160.83333333333334,208.33333333333334
9,54,Z1,Z5,otra_zona,190.0,165.8125,215.0
9,54,Z2,Z1,otra_zona,140.83333333333334,124.16666666666667,157.5
9,54,Z2,Z2,refugio_oficial,407.5,381.6666666666667,433.3333333333333
9,54,Z2,Z3,otra_zona,132.5,115.83333333333333,149.16666666666666
9,54,Z2,Z4,otra_zona,129.16666666666666,111.66666666666667,146.66666666666666
9,54,Z2,Z5,otra_zona,163.33333333333334,142.5,185.0
9,54,Z3,Z1,otra_zona,150.0,128.33333333333334,174.16666666666666
9,54,Z3,Z2,otra_zona,175.0,157.5,193.33333333333334
9,54,Z3,Z3,refugio_oficial,1432.5,1366.6458333333335,1497.5
9,54,Z3,Z4,otra_zona,173.33333333333334,146.66666666666666,201.66666666666666
9,54,Z3,Z5,otra_zona,180.83333333333334,155.8125,206.66666666666666
9,54,Z4,Z1,otra_zona,106.66666666666667,88.33333333333333,126.66666666666667
9,54,Z4,Z2,otra_zona,142.5,117.5,170.0
9,54,Z4,Z3,otra_zona,116.66666666666667,96.66666666666667,137.5
9,54,Z4,Z4,refugio_oficial,246.66666666666666,216.66666666666666,278.3541666666665
9,54,Z4,Z5,otra_zona,105.83333333333333,89.14583333333334,122.5
9,54,Z5,Z1,otra_zona,110.83333333333333,94.16666666666667,128.33333333333334
9,54,Z5,Z2,otra_zona,135.83333333333334,118.33333333333333,153.33333333333334
9,54,Z5,Z3,otra_zona,135.0,114.16666666666667,156.66666666666666
9,54,Z5,Z4,otra_zona,140.0,121.66666666666667,158.35416666666657
9,54,Z5,Z5,refugio_oficial,1886.6666666666667,1824.1666666666667,1951.6875
10,60,Z1,Z1,refugio_oficial,941.6666666666666,889.1666666666666,996.6666666666666
10,60,Z1,Z2,otra_zona,158.33333333333334,134.16666666666666,183.35416666666657
10,60,Z1,Z3,otra_zona,160.0,138.33333333333334,184.1874999999999
10,60,Z1,Z4,otra_zona,149.16666666666666,129.16666666666666,170.0
10,60,Z1,Z5,otra_zona,159.16666666666666,140.0,180.83333333333334
10,60,Z2,Z1,otra_zona,102.5,83.33333333333333,121.66666666666667
10,60,Z2,Z2,refugio_oficial,299.1666666666667,270.8333333333333,328.3541666666665
10,60,Z2,Z3,otra_zona,107.5,89.14583333333334,128.33333333333334
10,60,Z2,Z4,otra_zona,110.83333333333333,91.66666666666667,129.16666666666666
10,60,Z2,Z5,otra_zona,101.66666666666667,83.33333333333333,122.5
10,60,Z3,Z1,otra_zona,138.33333333333334,116.66666666666667,161.66666666666666
10,60,Z3,Z2,otra_zona,161.66666666666666,138.33333333333334,185.0
10,60,Z3,Z3,refugio_oficial,1286.6666666666667,1216.6458333333335,1356.6875
10,60,Z3,Z4,otra_zona,161.66666666666666,140.83333333333334,183.33333333333334
10,60,Z3,Z5,otra_zona,131.66666666666666,110.0,154.16666666666666
10,60,Z4,Z1,otra_zona,85.83333333333333,74.16666666666667,97.5
10,60,Z4,Z2,otra_zona,79.16666666666667,64.16666666666667,94.16666666666667
10,60,Z4,Z3,otra_zona,100.0,85.83333333333333,115.0
10,60,Z4,Z4,refugio_oficial,180.83333333333334,162.5,199.16666666666666
10,60,Z4,Z5,otra_zona,89.16666666666667,75.83333333333333,102.52083333333321
10,60,Z5,Z1,otra_zona,110.0,91.66666666666667,129.1874999999999
10,60,Z5,Z2,otra_zona,132.5,114.16666666666667,150.83333333333334
10,60,Z5,Z3,otra_zona,98.33333333333333,85.0,111.66666666666667
10,60,Z5,Z4,otra_zona,114.16666666666667,98.3125,130.02083333333323
10,60,Z5,Z5,refugio_oficial,1688.3333333333333,1617.5,1764.1875
11,66,Z1,Z1,refugio_oficial,810.8333333333334,752.5,871.6874999999999
11,66,Z1,Z2,otra_zona,154.16666666666666,134.14583333333331,176.66666666666666
11,66,Z1,Z3,otra_zona,131.66666666666666,115.83333333333333,147.5
11,66,Z1,Z4,otra_zona,137.5,119.16666666666667,155.83333333333334
11,66,Z1,Z5,otra_zona,138.33333333333334,118.33333333333333,160.0
11,66,Z2,Z1,otra_zona,83.33333333333333,68.33333333333333,98.33333333333333
11,66,Z2,Z2,refugio_oficial,236.66666666666666,211.66666666666666,260.8333333333333
11,66,Z2,Z3,otra_zona,85.83333333333333,70.0,102.5
11,66,Z2,Z4,otra_zona,92.5,77.5,106.66666666666667
11,66,Z2,Z5,otra_zona,81.66666666666667,65.0,98.33333333333333
11,66,Z3,Z1,otra_zona,123.33333333333333,103.33333333333333,144.1874999999999
11,66,Z3,Z2,otra_zona,105.83333333333333,88.33333333333333,123.33333333333333
11,66,Z3,Z3,refugio_oficial,1095.0,1047.5,1146.6666666666667
11,66,Z3,Z4,otra_zona,113.33333333333333,95.0,131.6874999999999
11,66,Z3,Z5,otra_zona,116.66666666666667,99.16666666666667,134.16666666666666
11,66,Z4,Z1,otra_zona,65.0,51.666666666666664,80.0
11,66,Z4,Z2,otra_zona,66.66666666666667,51.666666666666664,82.5
11,66,Z4,Z3,otra_zona,65.83333333333333,51.666666666666664,82.5
11,66,Z4,Z4,refugio_oficial,145.0,126.66666666666667,164.16666666666666
11,66,Z4,Z5,otra_zona,92.5,75.0,109.16666666666667
11,66,Z5,Z1,otra_zona,96.66666666666667,80.83333333333333,111.66666666666667
11,66,Z5,Z2,otra_zona,112.5,96.66666666666667,128.33333333333334
11,66,Z5,Z3,otra_zona,112.5,96.66666666666667,129.16666666666666
11,66,Z5,Z4,otra_zona,101.66666666666667,86.66666666666667,116.66666666666667
11,66,Z5,Z5,refugio_oficial,1453.3333333333333,1375.0,1528.3749999999998
12,72,Z1,Z1,refugio_oficial,644.1666666666666,599.1666666666666,690.8333333333334
12,72,Z1,Z2,otra_zona,129.16666666666666,114.16666666666667,145.0
12,72,Z1,Z3,otra_zona,97.5,78.33333333333333,117.5
12,72,Z1,Z4,otra_zona,135.0,120.83333333333333,150.83333333333334
12,72,Z1,Z5,otra_zona,140.0,116.66666666666667,165.83333333333334
12,72,Z2,Z1,otra_zona,61.666666666666664,46.666666666666664,79.16666666666667
12,72,Z2,Z2,refugio_oficial,205.0,185.0,224.16666666666666
12,72,Z2,Z3,otra_zona,78.33333333333333,62.5,95.0
12,72,Z2,Z4,otra_zona,65.83333333333333,52.5,80.0
12,72,Z2,Z5,otra_zona,59.166666666666664,47.5,71.66666666666667
12,72,Z3,Z1,otra_zona,101.66666666666667,82.5,121.66666666666667
12,72,Z3,Z2,otra_zona,97.5,79.97916666666667,115.0
12,72,Z3,Z3,refugio_oficial,896.6666666666666,846.6666666666666,947.5208333333333
12,72,Z3,Z4,otra_zona,104.16666666666667,90.0,117.5
12,72,Z3,Z5,otra_zona,85.83333333333333,70.0,101.66666666666667
12,72,Z4,Z1,otra_zona,46.666666666666664,35.833333333333336,58.333333333333336
12,72,Z4,Z2,otra_zona,56.666666666666664,43.333333333333336,70.02083333333321
12,72,Z4,Z3,otra_zona,49.166666666666664,37.5,62.5
12,72,Z4,Z4,refugio_oficial,97.5,79.16666666666667,117.5
12,72,Z4,Z5,otra_zona,54.166666666666664,40.0,69.16666666666667
12,72,Z5,Z1,otra_zona,80.83333333333333,64.16666666666667,98.35416666666654
12,72,Z5,Z2,otra_zona,87.5,72.5,102.5
12,72,Z5,Z3,otra_zona,88.33333333333333,70.8125,107.5
12,72,Z5,Z4,otra_zona,100.0,77.5,122.5
12,72,Z5,Z5,refugio_oficial,1260.8333333333333,1202.5,1312.5
